nom;mail;id site
zatopek;zatopek@sports.fit;19
nijinski;nijinski@arts.fit;230
papin;papin@sciences.fit;57
mc_cartney;mc_cartney@musique.fit;179
callas;callas@musique.fit;389
hippocrate;hippocrate@sciences.fit;464
confucius;confucius@litterature.fit;460
verne;verne@litterature.fit;413
luther-king;luther-king@divers.fit;340
portman;portman@cinema.fit;327
navratilova;navratilova@tennis.fit;328
mauresmo;mauresmo@tennis.fit;16
spitz;spitz@sports.fit;115
armstrong;armstrong@divers.fit;279
sting;sting@musique.fit;104
machiavel;machiavel@litterature.fit;176
gorbatchev;gorbatchev@divers.fit;258
gutenberg;gutenberg@divers.fit;185
dali;dali@arts.fit;280
rummenigge;rummenigge@football.fit;376
riner;riner@sports.fit;288
audiard;audiard@cinema.fit;243
moliere;moliere@litterature.fit;143
miro;miro@arts.fit;76
caroll;caroll@litterature.fit;349
hitchcock;hitchcock@cinema.fit;306
sinatra;sinatra@musique.fit;127
corbusier;corbusier@divers.fit;65
tatin;tatin@divers.fit;93
beethoven;beethoven@musique.fit;330
nobel;nobel@sciences.fit;366
hagler;hagler@sports.fit;249
ronaldo;ronaldo@football.fit;373
thales;thales@sciences.fit;168
federer;federer@tennis.fit;434
pavarotti;pavarotti@musique.fit;121
munch;munch@arts.fit;47
vonn;vonn@sports.fit;491
lewis;lewis@sports.fit;314
christie;christie@litterature.fit;365
panenka;panenka@football.fit;254
graf;graf@tennis.fit;318
manaudou;manaudou@sports.fit;124
young;young@musique.fit;265
franquin;franquin@arts.fit;94
magellan;magellan@divers.fit;155
fleming;fleming@sciences.fit;293
colomb;colomb@divers.fit;91
lincoln;lincoln@divers.fit;216
leonard;leonard@sports.fit;130
phelps;phelps@sports.fit;371
chaplin;chaplin@cinema.fit;446
rowling;rowling@litterature.fit;333
lucas;lucas@cinema.fit;418
pelé;pelé@football.fit;268
mendeleiev;mendeleiev@sciences.fit;110
einstein;einstein@sciences.fit;319
kandinsky;kandinsky@arts.fit;26
laver;laver@tennis.fit;312
galilée;galilée@sciences.fit;452
page;page@musique.fit;70
fosbury;fosbury@sports.fit;167
senna;senna@sports.fit;82
seles;seles@tennis.fit;107
brady;brady@sports.fit;303
geronimo;geronimo@divers.fit;465
yachine;yachine@football.fit;500
woods;woods@sports.fit;486
perec;perec@litterature.fit;302
dunant;dunant@divers.fit;116
copernic;copernic@sciences.fit;160
gotlib;gotlib@arts.fit;477
rapinoe;rapinoe@football.fit;331
archimede;archimede@sciences.fit;289
stenmark;stenmark@sports.fit;498
asimov;asimov@litterature.fit;378
williams;williams@tennis.fit;421
zola;zola@litterature.fit;431
steinbeck;steinbeck@litterature.fit;29
jagger;jagger@musique.fit;240
edison;edison@sciences.fit;71
connery;connery@cinema.fit;53
hugo;hugo@litterature.fit;186
messi;messi@football.fit;273
kubrick;kubrick@cinema.fit;435
cruyff;cruyff@football.fit;203
mc_enroe;mc_enroe@tennis.fit;84
tarantino;tarantino@cinema.fit;45
ali;ali@sports.fit;497
brassens;brassens@musique.fit;138
homere;homere@litterature.fit;260
armstrong;armstrong@musique.fit;295
spielberg;spielberg@cinema.fit;209
king;king@litterature.fit;411
eastwood;eastwood@cinema.fit;439
beckenbauer;beckenbauer@football.fit;450
rembrandt;rembrandt@arts.fit;208
van_gogh;van_gogh@arts.fit;423
lenglen;lenglen@tennis.fit;58
marley;marley@musique.fit;284
coe;coe@sports.fit;196
obama;obama@divers.fit;27
pasteur;pasteur@sciences.fit;489
ellington;ellington@musique.fit;379
rodin;rodin@arts.fit;359
jordan;jordan@sports.fit;488
beamon;beamon@sports.fit;219
jobs;jobs@sciences.fit;463
nicholson;nicholson@cinema.fit;481
douglas;douglas@cinema.fit;184
williams;williams@musique.fit;113
moses;moses@sports.fit;440
joplin;joplin@musique.fit;466
scott;scott@cinema.fit;407
lennon;lennon@musique.fit;269
monroe;monroe@cinema.fit;37
freud;freud@sciences.fit;193
mercury;mercury@musique.fit;403
vinci;vinci@arts.fit;457
lee;lee@arts.fit;251
de_niro;de_niro@cinema.fit;326
piaf;piaf@musique.fit;405
platini;platini@football.fit;263
shakespeare;shakespeare@litterature.fit;77
watt;watt@sciences.fit;482
blier;blier@cinema.fit;499
dante;dante@litterature.fit;304
gilmour;gilmour@musique.fit;89
darwin;darwin@sciences.fit;164
merckx;merckx@sports.fit;372
karabatic;karabatic@sports.fit;157
brel;brel@musique.fit;211
nadal;nadal@tennis.fit;415
maldini;maldini@football.fit;387
eco;eco@litterature.fit;49
cleopatre;cleopatre@divers.fit;442
arcimboldo;arcimboldo@arts.fit;473
bubka;bubka@sports.fit;109
berry;berry@musique.fit;1
rousseau;rousseau@litterature.fit;375
fitzgerald;fitzgerald@musique.fit;337
curie;curie@sciences.fit;36
delon;delon@cinema.fit;146
freeman;freeman@sports.fit;220
noah;noah@tennis.fit;456
jackson;jackson@musique.fit;432
lacoste;lacoste@tennis.fit;396
de_funes;de_funes@cinema.fit;244
mandela;mandela@divers.fit;131
warhol;warhol@arts.fit;207
burton;burton@cinema.fit;212
voltaire;voltaire@litterature.fit;17
belmondo;belmondo@cinema.fit;250
allen;allen@cinema.fit;361
freeman;freeman@cinema.fit;484
fangio;fangio@sports.fit;149
dedale;dedale@divers.fit;493
williams;williams@cinema.fit;135
edberg;edberg@tennis.fit;329
borg;borg@tennis.fit;238
kennedy;kennedy@divers.fit;35
beckam;beckam@football.fit;201
pagnol;pagnol@litterature.fit;453
gates;gates@sciences.fit;483
presley;presley@musique.fit;148
monet;monet@arts.fit;156
socrates;socrates@football.fit;204
harrison;harrison@musique.fit;8
goscinny;goscinny@arts.fit;206
shiffrin;shiffrin@sports.fit;229
orwell;orwell@litterature.fit;32
gandhi;gandhi@divers.fit;141
perec;perec@sports.fit;433
ballesteros;ballesteros@sports.fit;286
owens;owens@sports.fit;426
picasso;picasso@arts.fit;88
diderot;diderot@litterature.fit;144
cervantes;cervantes@litterature.fit;54
turing;turing@sciences.fit;443
polo;polo@divers.fit;14
bolt;bolt@sports.fit;388
eiffel;eiffel@divers.fit;462
wilson;wilson@musique.fit;377
bono;bono@musique.fit;475
newton;newton@sciences.fit;369
vian;vian@litterature.fit;111
bach;bach@musique.fit;474
bowie;bowie@musique.fit;147
gagarine;gagarine@divers.fit;151
disney;disney@cinema.fit;344
evert;evert@tennis.fit;350
michel-ange;michel-ange@arts.fit;97
renoir;renoir@arts.fit;232
tolkien;tolkien@litterature.fit;322
pythagore;pythagore@sciences.fit;246
mozart;mozart@musique.fit;128
wonder;wonder@musique.fit;78
zidane;zidane@football.fit;332
morris;morris@arts.fit;3
rabelais;rabelais@litterature.fit;188
